{
    "f1_score": 0.76817737202478,
    "accuracy": 0.6919410745233969,
    "recall": 0.7058118633912522,
    "ROC_AUC": 0.6807619567347497
}